,ALA,CEA,CWP,MID,NEA,NEF,NPL,NWP,SEA,SPL,SWP,CAN,USA,USC,Smoothed,ALA,CEA,CWP,MID,NEA,NEF,NPL,NWP,SEA,SPL,SWP,CAN,USA,USC
1961,-0.26,-1.01,0.75,-0.48,1.25,1.0,0.74,2.0,-0.76,-0.54,0.91,1.92,0.3,0.61,,0.13,-0.18,0.44,0.76,-0.28,0.8,-0.33,0.67,0.06,0.82,0.76,0.26,0.94,0.9
1961.1,-0.27,-0.59,0.48,0.04,1.63,1.46,0.53,1.65,-0.3,-0.43,0.83,1.76,0.37,0.64,,0.18,-0.22,0.45,0.74,-0.2,0.88,-0.26,0.72,-0.05,0.65,0.71,0.37,0.85,0.84
1961.2,-0.28,-0.18,0.21,0.56,2.0,1.92,0.32,1.31,0.15,-0.31,0.74,1.6,0.44,0.67,,0.21,-0.26,0.46,0.72,-0.1,0.97,-0.2,0.77,-0.15,0.48,0.66,0.48,0.75,0.77
1961.3,-0.28,0.24,-0.06,1.08,2.38,2.39,0.12,0.96,0.6,-0.2,0.66,1.44,0.5,0.71,,0.25,-0.27,0.47,0.69,0.01,1.08,-0.14,0.8,-0.24,0.3,0.59,0.58,0.65,0.69
1962,-0.41,0.43,-0.24,1.3,2.57,2.51,-0.11,0.57,0.8,-0.09,0.62,1.12,0.52,0.67,,0.26,-0.28,0.46,0.65,0.13,1.18,-0.09,0.81,-0.32,0.15,0.53,0.67,0.55,0.61
1962.1,-0.78,0.17,-0.22,0.91,2.38,1.94,-0.39,0.09,0.48,0.03,0.68,0.47,0.45,0.49,,0.22,-0.3,0.45,0.62,0.25,1.25,-0.05,0.81,-0.37,0.04,0.5,0.74,0.47,0.56
1962.2,-1.14,-0.09,-0.2,0.52,2.19,1.38,-0.67,-0.38,0.17,0.15,0.75,-0.17,0.37,0.31,,0.13,-0.33,0.42,0.6,0.37,1.28,-0.02,0.78,-0.4,-0.01,0.49,0.77,0.43,0.52
1962.3,-1.51,-0.35,-0.19,0.13,2.0,0.82,-0.94,-0.86,-0.15,0.26,0.81,-0.81,0.3,0.13,,0.0,-0.36,0.38,0.57,0.48,1.27,0.0,0.74,-0.39,-0.01,0.52,0.77,0.41,0.5
1963,-1.65,-0.17,-0.21,0.0,1.67,0.55,-0.99,-1.16,-0.03,0.41,0.79,-1.1,0.31,0.09,,-0.16,-0.38,0.33,0.55,0.6,1.23,0.01,0.67,-0.35,0.03,0.56,0.74,0.41,0.5
1963.1,-1.35,0.89,-0.32,0.39,1.04,0.84,-0.6,-1.09,0.97,0.6,0.6,-0.66,0.49,0.33,,-0.27,-0.33,0.28,0.54,0.69,1.19,0.01,0.58,-0.27,0.06,0.6,0.7,0.43,0.51
1963.2,-1.05,1.94,-0.42,0.78,0.42,1.14,-0.2,-1.02,1.96,0.79,0.41,-0.23,0.66,0.57,,-0.34,-0.2,0.24,0.52,0.78,1.15,0.02,0.46,-0.15,0.1,0.65,0.64,0.47,0.54
1963.3,-0.75,3.0,-0.53,1.17,-0.21,1.44,0.19,-0.96,2.95,0.98,0.22,0.2,0.84,0.8,,-0.37,-0.01,0.2,0.51,0.85,1.1,0.01,0.32,0.01,0.13,0.7,0.56,0.53,0.58
1964,-0.66,3.57,-0.62,1.45,-0.56,1.49,0.41,-1.05,3.43,1.12,0.17,0.34,0.96,0.94,,-0.38,0.22,0.17,0.51,0.9,1.05,0.01,0.17,0.19,0.17,0.75,0.48,0.58,0.62
1964.1,-1.0,3.14,-0.68,1.51,-0.36,1.06,0.27,-1.47,2.86,1.14,0.38,-0.09,0.97,0.87,,-0.43,0.41,0.12,0.52,0.95,1.03,0.01,0.03,0.35,0.2,0.77,0.41,0.62,0.64
1964.2,-1.33,2.72,-0.75,1.58,-0.16,0.63,0.12,-1.89,2.3,1.16,0.6,-0.53,0.97,0.8,,-0.51,0.57,0.06,0.56,0.98,1.02,0.01,-0.08,0.5,0.25,0.77,0.36,0.64,0.65
1964.3,-1.67,2.29,-0.81,1.64,0.04,0.2,-0.02,-2.31,1.73,1.19,0.82,-0.97,0.98,0.73,,-0.63,0.7,-0.02,0.61,1.0,1.04,0.0,-0.18,0.64,0.29,0.76,0.32,0.64,0.64
1965,-1.86,1.83,-0.85,1.41,0.25,-0.1,0.02,-2.36,1.35,1.1,0.81,-1.04,0.81,0.56,,-0.77,0.79,-0.11,0.67,1.02,1.06,0.0,-0.27,0.77,0.33,0.72,0.29,0.62,0.61
1965.1,-1.75,1.3,-0.84,0.62,0.5,-0.14,0.44,-1.66,1.31,0.81,0.33,-0.37,0.31,0.22,,-0.89,0.88,-0.19,0.7,1.03,1.07,0.02,-0.36,0.89,0.38,0.67,0.26,0.59,0.58
1965.2,-1.65,0.76,-0.83,-0.17,0.75,-0.19,0.85,-0.97,1.28,0.51,-0.16,0.29,-0.19,-0.13,,-0.99,0.95,-0.27,0.7,1.03,1.05,0.04,-0.45,1.01,0.41,0.6,0.23,0.54,0.53
1965.3,-1.55,0.23,-0.81,-0.96,1.0,-0.23,1.27,-0.27,1.24,0.22,-0.64,0.96,-0.7,-0.47,,-1.06,1.01,-0.36,0.67,1.04,1.01,0.07,-0.54,1.12,0.45,0.52,0.21,0.48,0.48
1966,-1.46,-0.12,-0.7,-1.37,0.94,-0.29,1.37,0.09,1.05,-0.01,-0.82,1.18,-0.94,-0.65,,-1.12,1.05,-0.43,0.63,1.02,0.94,0.1,-0.64,1.21,0.47,0.43,0.17,0.42,0.41
1966.1,-1.41,-0.09,-0.37,-1.03,0.3,-0.39,0.82,-0.22,0.56,-0.1,-0.4,0.51,-0.65,-0.5,,-1.18,1.08,-0.47,0.58,0.96,0.85,0.11,-0.73,1.25,0.49,0.37,0.11,0.37,0.36
1966.2,-1.36,-0.06,-0.04,-0.68,-0.35,-0.48,0.28,-0.54,0.07,-0.19,0.01,-0.17,-0.35,-0.35,,-1.23,1.08,-0.48,0.51,0.84,0.73,0.11,-0.83,1.25,0.5,0.33,0.02,0.33,0.31
1966.3,-1.32,-0.03,0.29,-0.33,-0.99,-0.57,-0.26,-0.85,-0.43,-0.28,0.43,-0.84,-0.06,-0.2,,-1.28,1.07,-0.47,0.44,0.67,0.58,0.09,-0.92,1.2,0.49,0.32,-0.1,0.3,0.26
1967,-1.22,-0.01,0.64,-0.05,-1.37,-0.52,-0.55,-0.91,-0.64,-0.1,0.66,-1.13,0.24,0.02,,-1.32,1.05,-0.42,0.38,0.47,0.43,0.07,-0.99,1.12,0.49,0.32,-0.21,0.29,0.23
1967.1,-1.03,-0.01,1.06,0.1,-1.22,-0.19,-0.36,-0.47,-0.27,0.65,0.5,-0.65,0.55,0.39,,-1.34,1.04,-0.36,0.34,0.29,0.32,0.07,-1.02,1.09,0.52,0.31,-0.26,0.29,0.22
1967.2,-0.83,-0.02,1.47,0.25,-1.06,0.14,-0.16,-0.03,0.09,1.39,0.35,-0.17,0.87,0.77,,-1.32,1.04,-0.27,0.32,0.13,0.26,0.1,-1.0,1.08,0.58,0.29,-0.26,0.32,0.25
1967.3,-0.64,-0.02,1.89,0.4,-0.91,0.47,0.04,0.41,0.45,2.13,0.19,0.31,1.19,1.14,,-1.28,1.06,-0.17,0.34,-0.02,0.24,0.15,-0.94,1.11,0.68,0.26,-0.21,0.36,0.3
1968,-0.45,0.08,1.92,0.51,-0.72,0.62,0.19,0.56,0.68,2.22,0.06,0.57,1.22,1.21,,-1.22,1.07,-0.07,0.36,-0.13,0.25,0.21,-0.85,1.15,0.77,0.23,-0.12,0.41,0.35
1968.1,-0.25,0.4,1.18,0.53,-0.46,0.39,0.25,0.13,0.62,1.01,-0.02,0.37,0.67,0.68,,-1.16,1.05,0.01,0.37,-0.21,0.22,0.25,-0.79,1.13,0.79,0.19,-0.07,0.42,0.37
1968.2,-0.06,0.73,0.45,0.56,-0.21,0.17,0.31,-0.3,0.57,-0.2,-0.1,0.18,0.12,0.14,,-1.11,0.99,0.05,0.36,-0.24,0.18,0.27,-0.75,1.06,0.74,0.17,-0.05,0.39,0.35
1968.3,0.13,1.05,-0.29,0.58,0.05,-0.06,0.36,-0.73,0.52,-1.41,-0.18,-0.02,-0.42,-0.39,,-1.07,0.89,0.06,0.33,-0.23,0.1,0.28,-0.74,0.94,0.62,0.15,-0.06,0.33,0.29
1969,0.36,1.15,-0.54,0.62,0.21,-0.03,0.37,-0.81,0.37,-2.03,-0.23,-0.03,-0.68,-0.62,,-1.02,0.77,0.07,0.28,-0.19,0.03,0.28,-0.73,0.79,0.46,0.13,-0.08,0.25,0.21
1969.1,0.65,0.81,0.2,0.69,0.15,0.53,0.29,-0.19,0.04,-1.48,-0.21,0.35,-0.33,-0.24,,-0.93,0.65,0.11,0.24,-0.16,0.0,0.28,-0.67,0.65,0.33,0.1,-0.06,0.18,0.15
1969.2,0.95,0.47,0.93,0.77,0.1,1.08,0.21,0.43,-0.29,-0.92,-0.18,0.73,0.01,0.14,,-0.82,0.54,0.2,0.2,-0.15,0.02,0.29,-0.55,0.52,0.23,0.06,0.0,0.13,0.12
1969.3,1.24,0.13,1.66,0.84,0.04,1.64,0.13,1.04,-0.61,-0.37,-0.16,1.11,0.36,0.52,,-0.68,0.43,0.32,0.16,-0.15,0.09,0.29,-0.38,0.4,0.15,0.01,0.11,0.1,0.11
1970,1.42,-0.08,2.0,0.77,0.24,1.82,-0.04,1.42,-0.69,0.04,-0.01,1.2,0.65,0.8,,-0.51,0.33,0.46,0.13,-0.15,0.19,0.29,-0.19,0.3,0.1,-0.03,0.22,0.09,0.12
1970.1,1.37,-0.04,1.56,0.4,0.97,1.26,-0.38,1.29,-0.28,0.19,0.38,0.71,0.83,0.88,,-0.36,0.27,0.58,0.12,-0.13,0.26,0.25,-0.05,0.22,0.06,-0.03,0.27,0.12,0.16
1970.2,1.31,0.0,1.13,0.03,1.69,0.69,-0.72,1.17,0.14,0.33,0.77,0.22,1.02,0.97,,-0.21,0.23,0.68,0.13,-0.08,0.3,0.17,0.06,0.16,0.06,0.02,0.27,0.18,0.21
1970.3,1.26,0.05,0.69,-0.34,2.41,0.13,-1.06,1.05,0.56,0.48,1.16,-0.26,1.21,1.06,,-0.07,0.22,0.76,0.16,-0.01,0.32,0.06,0.13,0.13,0.07,0.11,0.21,0.28,0.29
1971,1.09,0.02,0.32,-0.62,2.62,-0.36,-1.2,1.03,0.66,0.75,1.35,-0.55,1.28,1.07,,0.06,0.23,0.81,0.2,0.07,0.32,-0.07,0.17,0.11,0.11,0.22,0.12,0.39,0.37
1971.1,0.69,-0.17,0.11,-0.72,1.79,-0.72,-0.96,1.19,0.12,1.27,1.14,-0.44,1.14,0.96,,0.17,0.22,0.83,0.21,0.15,0.3,-0.16,0.25,0.08,0.17,0.3,0.07,0.48,0.45
1971.2,0.28,-0.35,-0.1,-0.81,0.96,-1.09,-0.72,1.35,-0.42,1.8,0.92,-0.32,0.99,0.85,,0.25,0.21,0.83,0.21,0.21,0.27,-0.21,0.34,0.06,0.27,0.34,0.07,0.54,0.51
1971.3,-0.12,-0.53,-0.31,-0.91,0.13,-1.45,-0.48,1.52,-0.96,2.32,0.7,-0.21,0.85,0.74,,0.31,0.18,0.8,0.18,0.27,0.23,-0.22,0.46,0.03,0.4,0.35,0.1,0.59,0.55
1972,-0.3,-0.77,-0.45,-1.02,-0.54,-1.6,-0.4,1.45,-1.34,2.47,0.8,-0.26,0.84,0.72,,0.35,0.15,0.74,0.13,0.31,0.17,-0.21,0.58,0.0,0.53,0.36,0.14,0.62,0.59
1972.1,-0.01,-1.1,-0.42,-1.17,-0.9,-1.34,-0.63,0.9,-1.37,1.87,1.52,-0.64,1.09,0.88,,0.4,0.09,0.67,0.07,0.33,0.11,-0.23,0.64,-0.06,0.59,0.41,0.14,0.65,0.61
1972.2,0.27,-1.43,-0.4,-1.31,-1.25,-1.08,-0.87,0.36,-1.4,1.26,2.25,-1.02,1.35,1.05,,0.46,0.02,0.58,-0.01,0.32,0.05,-0.26,0.66,-0.13,0.59,0.51,0.1,0.67,0.63
1972.3,0.55,-1.76,-0.38,-1.46,-1.61,-0.81,-1.11,-0.18,-1.44,0.66,2.97,-1.4,1.6,1.22,,0.52,-0.07,0.46,-0.1,0.28,-0.01,-0.32,0.63,-0.23,0.51,0.65,0.01,0.69,0.63
1973,0.7,-1.85,-0.3,-1.55,-1.77,-0.63,-1.11,-0.51,-1.41,0.07,3.21,-1.49,1.58,1.19,,0.58,-0.16,0.35,-0.21,0.23,-0.07,-0.39,0.58,-0.33,0.41,0.8,-0.09,0.71,0.63
1973.1,0.6,-1.47,-0.1,-1.53,-1.55,-0.61,-0.62,-0.4,-1.28,-0.5,2.49,-1.0,1.02,0.76,,0.62,-0.26,0.29,-0.31,0.18,-0.12,-0.43,0.55,-0.43,0.33,0.93,-0.16,0.73,0.63
1973.2,0.5,-1.08,0.1,-1.52,-1.34,-0.58,-0.13,-0.29,-1.15,-1.07,1.78,-0.51,0.46,0.33,,0.65,-0.35,0.27,-0.41,0.12,-0.16,-0.45,0.55,-0.51,0.29,1.02,-0.19,0.74,0.64
1973.3,0.39,-0.7,0.3,-1.5,-1.12,-0.56,0.35,-0.18,-1.01,-1.64,1.06,-0.02,-0.11,-0.1,,0.66,-0.43,0.3,-0.52,0.06,-0.19,-0.45,0.58,-0.59,0.28,1.09,-0.19,0.76,0.66
1974,0.35,-0.53,0.61,-1.47,-0.99,-0.66,0.77,0.06,-0.87,-1.68,0.71,0.42,-0.25,-0.16,,0.66,-0.52,0.36,-0.62,0.0,-0.22,-0.43,0.63,-0.65,0.29,1.13,-0.17,0.78,0.68
1974.1,0.41,-0.81,1.15,-1.41,-1.02,-1.03,1.05,0.59,-0.73,-0.67,1.1,0.77,0.44,0.53,,0.65,-0.6,0.41,-0.73,-0.06,-0.3,-0.4,0.66,-0.69,0.33,1.2,-0.15,0.82,0.72
1974.2,0.48,-1.09,1.69,-1.35,-1.06,-1.39,1.33,1.11,-0.58,0.35,1.48,1.12,1.13,1.23,,0.62,-0.68,0.44,-0.83,-0.11,-0.42,-0.34,0.7,-0.7,0.4,1.28,-0.13,0.87,0.77
1974.3,0.54,-1.37,2.22,-1.29,-1.1,-1.76,1.61,1.64,-0.44,1.36,1.86,1.48,1.82,1.92,,0.59,-0.75,0.47,-0.94,-0.17,-0.59,-0.27,0.73,-0.7,0.48,1.38,-0.11,0.95,0.84
1975,0.52,-1.5,2.26,-1.28,-0.98,-1.87,1.57,1.75,-0.46,1.81,1.9,1.46,1.99,2.06,,0.54,-0.82,0.48,-1.04,-0.23,-0.77,-0.19,0.74,-0.68,0.57,1.48,-0.1,1.01,0.91
1975.1,0.33,-1.35,1.29,-1.4,-0.54,-1.49,0.88,1.04,-0.8,1.13,1.24,0.7,1.1,1.12,,0.49,-0.89,0.47,-1.13,-0.31,-0.91,-0.12,0.73,-0.71,0.62,1.52,-0.1,1.03,0.92
1975.2,0.14,-1.2,0.33,-1.51,-0.1,-1.11,0.2,0.32,-1.15,0.45,0.59,-0.06,0.21,0.18,,0.43,-0.95,0.43,-1.21,-0.4,-1.0,-0.08,0.69,-0.77,0.63,1.51,-0.11,0.99,0.88
1975.3,-0.05,-1.05,-0.64,-1.62,0.34,-0.73,-0.49,-0.39,-1.49,-0.22,-0.07,-0.81,-0.68,-0.76,,0.37,-1.0,0.37,-1.27,-0.5,-1.04,-0.05,0.62,-0.88,0.59,1.45,-0.14,0.89,0.79
1976,-0.19,-0.83,-1.26,-1.39,0.56,-0.42,-0.66,-0.94,-1.61,-0.56,-0.56,-1.09,-1.2,-1.28,,0.3,-1.05,0.29,-1.31,-0.6,-1.05,-0.02,0.52,-0.99,0.53,1.35,-0.17,0.77,0.67
1976.1,-0.23,-0.46,-1.19,-0.48,0.34,-0.23,0.18,-1.17,-1.29,-0.19,-0.72,-0.41,-1.0,-0.98,,0.26,-1.06,0.22,-1.3,-0.68,-1.02,0.04,0.4,-1.06,0.45,1.26,-0.16,0.66,0.57
1976.2,-0.26,-0.09,-1.12,0.44,0.12,-0.04,1.02,-1.4,-0.97,0.17,-0.88,0.26,-0.79,-0.68,,0.23,-1.05,0.17,-1.24,-0.72,-0.97,0.12,0.26,-1.09,0.37,1.17,-0.14,0.57,0.5
1976.3,-0.29,0.28,-1.05,1.35,-0.1,0.14,1.87,-1.63,-0.64,0.54,-1.04,0.94,-0.59,-0.38,,0.22,-1.01,0.13,-1.12,-0.73,-0.89,0.24,0.11,-1.07,0.28,1.08,-0.08,0.5,0.44
1977,-0.37,0.49,-0.9,1.76,-0.32,0.18,2.32,-1.66,-0.43,0.72,-1.06,1.32,-0.44,-0.17,,0.22,-0.95,0.11,-0.98,-0.72,-0.8,0.38,-0.05,-1.03,0.19,0.99,0.0,0.44,0.4
1977.1,-0.52,0.35,-0.56,1.14,-0.54,-0.09,2.0,-1.31,-0.43,0.55,-0.81,1.09,-0.38,-0.16,,0.19,-0.87,0.1,-0.87,-0.7,-0.74,0.51,-0.16,-0.98,0.13,0.87,0.09,0.36,0.35
1977.2,-0.68,0.21,-0.23,0.53,-0.77,-0.36,1.67,-0.95,-0.44,0.38,-0.55,0.87,-0.33,-0.15,,0.15,-0.79,0.11,-0.78,-0.68,-0.7,0.63,-0.23,-0.93,0.08,0.73,0.18,0.28,0.29
1977.3,-0.84,0.07,0.1,-0.09,-0.99,-0.63,1.35,-0.59,-0.44,0.21,-0.29,0.64,-0.28,-0.14,,0.08,-0.7,0.14,-0.71,-0.65,-0.69,0.76,-0.25,-0.88,0.06,0.57,0.28,0.19,0.22
1978,-0.92,0.04,0.3,-0.49,-0.99,-0.67,1.04,-0.32,-0.29,0.07,-0.07,0.48,-0.19,-0.09,,-0.01,-0.6,0.17,-0.66,-0.61,-0.7,0.86,-0.24,-0.82,0.06,0.41,0.38,0.1,0.15
1978.1,-0.83,0.2,0.26,-0.47,-0.55,-0.26,0.76,-0.21,0.2,-0.01,0.08,0.46,-0.06,0.02,,-0.08,-0.52,0.18,-0.6,-0.56,-0.68,0.93,-0.23,-0.75,0.09,0.29,0.46,0.04,0.12
1978.2,-0.75,0.36,0.21,-0.45,-0.11,0.15,0.49,-0.09,0.68,-0.08,0.24,0.43,0.08,0.14,,-0.14,-0.45,0.19,-0.55,-0.5,-0.64,0.97,-0.22,-0.66,0.14,0.21,0.5,0.02,0.11
1978.3,-0.67,0.52,0.16,-0.44,0.33,0.57,0.22,0.02,1.16,-0.16,0.4,0.4,0.21,0.26,,-0.19,-0.39,0.18,-0.5,-0.42,-0.59,0.96,-0.21,-0.55,0.21,0.18,0.52,0.04,0.13
1979,-0.41,0.47,0.09,-0.38,0.58,0.69,-0.06,0.31,1.22,-0.2,0.42,0.35,0.25,0.29,,-0.23,-0.34,0.16,-0.44,-0.34,-0.52,0.92,-0.19,-0.45,0.28,0.16,0.52,0.06,0.15
1979.1,0.2,0.02,-0.04,-0.25,0.45,0.25,-0.32,0.95,0.43,-0.17,0.18,0.25,0.09,0.13,,-0.24,-0.3,0.1,-0.38,-0.27,-0.45,0.85,-0.18,-0.39,0.31,0.12,0.49,0.05,0.13
1979.2,0.82,-0.43,-0.16,-0.12,0.32,-0.19,-0.59,1.59,-0.35,-0.15,-0.05,0.15,-0.06,-0.03,,-0.22,-0.26,0.0,-0.32,-0.2,-0.39,0.75,-0.15,-0.38,0.28,0.04,0.44,-0.01,0.06
1979.3,1.43,-0.88,-0.29,0.0,0.18,-0.63,-0.86,2.23,-1.14,-0.12,-0.29,0.05,-0.22,-0.19,,-0.18,-0.24,-0.12,-0.26,-0.14,-0.34,0.63,-0.12,-0.41,0.21,-0.07,0.37,-0.11,-0.04
1980,1.77,-0.92,-0.36,0.12,0.16,-0.72,-0.67,2.27,-1.52,-0.04,-0.43,0.19,-0.27,-0.22,,-0.12,-0.21,-0.25,-0.19,-0.08,-0.28,0.52,-0.1,-0.47,0.12,-0.18,0.31,-0.23,-0.15
1980.1,1.57,-0.11,-0.34,0.21,0.35,-0.12,0.44,1.08,-1.11,0.15,-0.4,0.84,-0.13,0.03,,-0.05,-0.15,-0.34,-0.11,-0.04,-0.21,0.5,-0.09,-0.48,0.07,-0.27,0.32,-0.29,-0.21
1980.2,1.37,0.69,-0.32,0.29,0.54,0.48,1.55,-0.11,-0.69,0.34,-0.37,1.48,0.02,0.27,,0.01,-0.05,-0.37,-0.02,-0.01,-0.13,0.56,-0.12,-0.46,0.06,-0.31,0.39,-0.3,-0.2
1980.3,1.17,1.49,-0.3,0.38,0.73,1.08,2.66,-1.29,-0.27,0.53,-0.34,2.13,0.16,0.52,,0.07,0.07,-0.35,0.08,0.01,-0.04,0.72,-0.16,-0.4,0.1,-0.33,0.54,-0.26,-0.14
1981,0.92,1.83,-0.16,0.55,0.78,1.33,3.17,-1.81,0.08,0.63,-0.26,2.42,0.32,0.71,,0.12,0.21,-0.3,0.18,0.03,0.05,0.91,-0.2,-0.31,0.16,-0.31,0.72,-0.18,-0.04
1981.1,0.58,1.23,0.23,0.88,0.55,0.89,2.46,-0.98,0.3,0.57,-0.05,2.02,0.49,0.8,,0.16,0.29,-0.22,0.25,0.04,0.1,1.03,-0.19,-0.23,0.2,-0.28,0.84,-0.11,0.05
1981.2,0.23,0.64,0.62,1.22,0.31,0.45,1.75,-0.16,0.51,0.52,0.15,1.61,0.67,0.89,,0.19,0.33,-0.14,0.29,0.05,0.13,1.06,-0.13,-0.16,0.21,-0.23,0.9,-0.03,0.13
1981.3,-0.11,0.04,1.01,1.55,0.08,0.01,1.05,0.67,0.72,0.46,0.35,1.21,0.84,0.97,,0.2,0.32,-0.03,0.3,0.05,0.12,1.02,-0.02,-0.09,0.21,-0.16,0.92,0.04,0.19
1982,-0.42,-0.39,0.99,1.5,-0.04,-0.37,0.42,1.08,0.65,0.22,0.28,0.72,0.64,0.7,,0.2,0.27,0.06,0.28,0.07,0.09,0.93,0.12,-0.04,0.19,-0.09,0.89,0.09,0.24
1982.1,-0.64,-0.48,0.12,0.69,0.08,-0.65,-0.03,0.67,0.0,-0.4,-0.32,0.06,-0.32,-0.28,,0.19,0.23,0.09,0.26,0.1,0.07,0.83,0.22,-0.02,0.14,-0.07,0.84,0.1,0.23
1982.2,-0.86,-0.57,-0.74,-0.12,0.21,-0.94,-0.49,0.27,-0.65,-1.02,-0.92,-0.59,-1.28,-1.27,,0.18,0.19,0.07,0.23,0.15,0.04,0.72,0.28,-0.03,0.07,-0.08,0.76,0.05,0.18
1982.3,-1.09,-0.66,-1.6,-0.93,0.33,-1.22,-0.94,-0.14,-1.29,-1.64,-1.52,-1.25,-2.24,-2.26,,0.17,0.15,-0.02,0.19,0.21,0.01,0.6,0.3,-0.07,-0.03,-0.15,0.67,-0.05,0.07
1983,-1.06,-0.67,-2.18,-1.38,0.33,-1.31,-1.29,-0.4,-1.65,-2.03,-1.91,-1.69,-2.81,-2.86,,0.16,0.12,-0.14,0.14,0.28,-0.02,0.49,0.3,-0.14,-0.13,-0.24,0.56,-0.18,-0.07
1983.1,-0.54,-0.52,-2.2,-1.1,0.11,-1.04,-1.41,-0.34,-1.43,-1.96,-1.87,-1.7,-2.62,-2.68,,0.18,0.08,-0.26,0.11,0.31,-0.06,0.38,0.29,-0.22,-0.23,-0.34,0.45,-0.31,-0.2
1983.2,-0.01,-0.37,-2.22,-0.83,-0.12,-0.77,-1.53,-0.28,-1.21,-1.88,-1.83,-1.71,-2.43,-2.51,,0.21,0.05,-0.38,0.09,0.31,-0.11,0.28,0.28,-0.31,-0.32,-0.44,0.35,-0.44,-0.34
1983.3,0.51,-0.22,-2.24,-0.55,-0.35,-0.49,-1.66,-0.23,-0.99,-1.8,-1.79,-1.72,-2.24,-2.34,,0.27,0.01,-0.5,0.09,0.28,-0.16,0.18,0.27,-0.42,-0.4,-0.55,0.24,-0.56,-0.47
1984,0.86,-0.18,-2.15,-0.38,-0.55,-0.28,-1.69,-0.27,-0.74,-1.66,-1.7,-1.7,-2.02,-2.13,,0.33,-0.02,-0.62,0.09,0.22,-0.21,0.1,0.24,-0.52,-0.47,-0.65,0.14,-0.67,-0.59
1984.1,0.86,-0.35,-1.83,-0.41,-0.71,-0.18,-1.54,-0.49,-0.42,-1.4,-1.51,-1.65,-1.73,-1.86,,0.37,-0.04,-0.71,0.08,0.16,-0.23,0.04,0.17,-0.56,-0.53,-0.74,0.04,-0.76,-0.69
1984.2,0.86,-0.53,-1.52,-0.44,-0.86,-0.08,-1.39,-0.72,-0.1,-1.13,-1.32,-1.59,-1.44,-1.59,,0.37,-0.05,-0.77,0.06,0.1,-0.23,0.0,0.05,-0.55,-0.58,-0.8,-0.04,-0.83,-0.77
1984.3,0.86,-0.71,-1.2,-0.46,-1.01,0.02,-1.24,-0.95,0.22,-0.86,-1.13,-1.54,-1.15,-1.31,,0.34,-0.04,-0.82,0.04,0.04,-0.2,-0.02,-0.11,-0.48,-0.62,-0.85,-0.12,-0.88,-0.82
1985,0.69,-0.78,-0.89,-0.61,-0.99,-0.05,-1.1,-0.88,0.38,-0.82,-1.07,-1.41,-1.07,-1.22,,0.29,-0.03,-0.85,0.0,-0.01,-0.16,-0.04,-0.26,-0.38,-0.66,-0.88,-0.2,-0.92,-0.87
1985.1,0.19,-0.61,-0.6,-0.98,-0.62,-0.45,-0.97,-0.22,0.19,-1.24,-1.25,-1.12,-1.4,-1.47,,0.22,-0.06,-0.86,-0.06,-0.06,-0.18,-0.11,-0.33,-0.32,-0.73,-0.92,-0.3,-0.98,-0.95
1985.2,-0.3,-0.45,-0.31,-1.36,-0.25,-0.85,-0.85,0.43,0.01,-1.66,-1.44,-0.84,-1.73,-1.72,,0.14,-0.11,-0.86,-0.14,-0.1,-0.25,-0.23,-0.3,-0.28,-0.83,-0.97,-0.42,-1.07,-1.05
1985.3,-0.8,-0.29,-0.02,-1.74,0.13,-1.25,-0.73,1.09,-0.17,-2.08,-1.63,-0.55,-2.05,-1.97,,0.04,-0.2,-0.84,-0.24,-0.13,-0.36,-0.4,-0.18,-0.28,-0.96,-1.04,-0.55,-1.18,-1.17
1986,-0.92,-0.22,0.19,-1.74,0.27,-1.51,-0.69,1.48,-0.14,-2.15,-1.65,-0.42,-2.07,-1.96,,-0.06,-0.3,-0.83,-0.36,-0.16,-0.5,-0.59,-0.02,-0.29,-1.1,-1.11,-0.69,-1.3,-1.3
1986.1,-0.3,-0.32,0.23,-1.01,-0.03,-1.5,-0.82,1.34,0.3,-1.55,-1.36,-0.6,-1.45,-1.42,,-0.1,-0.38,-0.83,-0.45,-0.18,-0.62,-0.76,0.1,-0.29,-1.21,-1.17,-0.82,-1.4,-1.41
1986.2,0.33,-0.43,0.28,-0.27,-0.34,-1.49,-0.94,1.21,0.74,-0.94,-1.07,-0.78,-0.83,-0.89,,-0.09,-0.44,-0.84,-0.53,-0.22,-0.72,-0.89,0.17,-0.28,-1.28,-1.23,-0.94,-1.47,-1.5
1986.3,0.95,-0.54,0.32,0.46,-0.64,-1.48,-1.07,1.07,1.18,-0.34,-0.78,-0.97,-0.21,-0.36,,-0.04,-0.46,-0.88,-0.58,-0.25,-0.8,-1.0,0.19,-0.25,-1.32,-1.29,-1.05,-1.52,-1.57
1987,1.52,-0.47,0.49,1.03,-0.65,-1.11,-0.97,0.9,1.45,0.1,-0.59,-0.84,0.28,0.11,,0.06,-0.47,-0.9,-0.61,-0.28,-0.83,-1.07,0.18,-0.21,-1.32,-1.33,-1.13,-1.54,-1.6
1987.1,1.96,-0.03,0.89,1.27,-0.04,-0.03,-0.44,0.67,1.38,0.21,-0.62,-0.1,0.49,0.43,,0.19,-0.45,-0.86,-0.58,-0.29,-0.8,-1.09,0.18,-0.15,-1.29,-1.35,-1.14,-1.5,-1.56
1987.2,2.41,0.41,1.3,1.51,0.56,1.06,0.09,0.44,1.3,0.31,-0.64,0.65,0.7,0.75,,0.35,-0.4,-0.76,-0.5,-0.27,-0.7,-1.06,0.19,-0.05,-1.23,-1.33,-1.08,-1.4,-1.46
1987.3,2.85,0.85,1.71,1.75,1.16,2.14,0.62,0.2,1.22,0.42,-0.67,1.39,0.91,1.06,,0.55,-0.32,-0.6,-0.36,-0.23,-0.53,-0.98,0.2,0.08,-1.12,-1.29,-0.95,-1.24,-1.3
1988,2.89,1.14,1.92,1.86,1.35,2.65,0.93,-0.05,1.09,0.48,-0.69,1.72,0.98,1.19,,0.74,-0.23,-0.39,-0.2,-0.18,-0.34,-0.87,0.22,0.21,-1.0,-1.23,-0.77,-1.05,-1.09
1988.1,2.12,1.13,1.75,1.72,0.72,2.02,0.81,-0.35,0.85,0.46,-0.7,1.24,0.77,0.92,,0.88,-0.15,-0.19,-0.06,-0.15,-0.18,-0.76,0.22,0.33,-0.88,-1.17,-0.63,-0.88,-0.91
1988.2,1.35,1.13,1.58,1.59,0.08,1.4,0.68,-0.65,0.62,0.44,-0.7,0.76,0.57,0.65,,0.94,-0.07,0.0,0.06,-0.14,-0.07,-0.65,0.2,0.42,-0.76,-1.12,-0.5,-0.73,-0.76
1988.3,0.58,1.12,1.41,1.45,-0.56,0.77,0.55,-0.96,0.38,0.42,-0.71,0.27,0.36,0.38,,0.95,-0.01,0.18,0.16,-0.15,-0.01,-0.54,0.16,0.49,-0.65,-1.06,-0.4,-0.6,-0.62
1989,0.02,0.92,1.1,1.27,-1.02,0.35,0.29,-1.08,0.14,0.33,-0.65,-0.16,0.16,0.12,,0.91,0.05,0.34,0.24,-0.17,0.02,-0.44,0.12,0.53,-0.55,-1.01,-0.33,-0.5,-0.51
1989.1,-0.1,0.35,0.5,1.0,-1.14,0.36,-0.22,-0.84,-0.12,0.1,-0.47,-0.51,-0.03,-0.12,,0.86,0.08,0.46,0.32,-0.19,0.05,-0.37,0.11,0.55,-0.47,-0.96,-0.27,-0.41,-0.42
1989.2,-0.23,-0.23,-0.09,0.73,-1.26,0.36,-0.74,-0.6,-0.37,-0.13,-0.29,-0.86,-0.22,-0.35,,0.8,0.1,0.53,0.37,-0.21,0.07,-0.34,0.11,0.53,-0.42,-0.91,-0.23,-0.35,-0.36
1989.3,-0.35,-0.8,-0.69,0.46,-1.38,0.36,-1.26,-0.36,-0.62,-0.36,-0.11,-1.21,-0.41,-0.58,,0.74,0.09,0.55,0.42,-0.23,0.09,-0.34,0.14,0.49,-0.4,-0.85,-0.22,-0.31,-0.32
1990,-0.44,-1.24,-1.08,0.18,-1.44,0.21,-1.53,-0.15,-0.79,-0.54,-0.1,-1.4,-0.64,-0.82,,0.69,0.07,0.54,0.46,-0.25,0.1,-0.36,0.18,0.43,-0.39,-0.81,-0.22,-0.29,-0.3
1990.1,-0.47,-1.39,-1.08,-0.12,-1.36,-0.26,-1.3,0.02,-0.8,-0.63,-0.46,-1.27,-0.93,-1.07,,0.65,0.03,0.52,0.5,-0.29,0.11,-0.38,0.19,0.38,-0.35,-0.77,-0.23,-0.27,-0.28
1990.2,-0.51,-1.54,-1.07,-0.43,-1.29,-0.72,-1.07,0.19,-0.81,-0.71,-0.81,-1.15,-1.23,-1.32,,0.64,-0.02,0.48,0.55,-0.34,0.12,-0.39,0.18,0.34,-0.31,-0.73,-0.24,-0.24,-0.26
1990.3,-0.54,-1.69,-1.06,-0.73,-1.22,-1.19,-0.84,0.36,-0.82,-0.79,-1.16,-1.02,-1.52,-1.57,,0.66,-0.09,0.43,0.6,-0.41,0.12,-0.39,0.14,0.31,-0.24,-0.71,-0.26,-0.22,-0.24
1991,-0.53,-1.63,-0.96,-0.91,-1.24,-1.44,-0.73,0.46,-0.8,-0.83,-1.33,-0.97,-1.63,-1.65,,0.68,-0.16,0.37,0.64,-0.49,0.12,-0.4,0.09,0.28,-0.18,-0.69,-0.29,-0.19,-0.23
1991.1,-0.43,-1.15,-0.67,-0.82,-1.46,-1.27,-0.89,0.44,-0.69,-0.75,-1.1,-1.07,-1.35,-1.42,,0.67,-0.2,0.33,0.65,-0.56,0.13,-0.4,0.05,0.23,-0.14,-0.68,-0.31,-0.19,-0.23
1991.2,-0.34,-0.66,-0.38,-0.73,-1.67,-1.09,-1.04,0.42,-0.59,-0.68,-0.88,-1.16,-1.08,-1.18,,0.64,-0.22,0.29,0.63,-0.62,0.15,-0.41,0.01,0.16,-0.12,-0.67,-0.33,-0.2,-0.24
1991.3,-0.24,-0.17,-0.09,-0.64,-1.88,-0.92,-1.19,0.4,-0.48,-0.61,-0.66,-1.26,-0.8,-0.95,,0.58,-0.2,0.27,0.57,-0.69,0.18,-0.41,-0.03,0.08,-0.14,-0.67,-0.35,-0.23,-0.27
1992,-0.3,0.02,0.01,-0.62,-1.91,-0.88,-1.16,0.3,-0.46,-0.58,-0.61,-1.27,-0.73,-0.89,,0.48,-0.17,0.25,0.49,-0.75,0.19,-0.42,-0.06,-0.02,-0.17,-0.67,-0.37,-0.28,-0.32
1992.1,-0.65,-0.36,-0.27,-0.73,-1.54,-1.12,-0.78,0.02,-0.58,-0.61,-0.93,-1.12,-1.09,-1.19,,0.35,-0.19,0.19,0.39,-0.82,0.14,-0.44,-0.09,-0.12,-0.21,-0.68,-0.42,-0.36,-0.4
1992.2,-1.0,-0.74,-0.55,-0.85,-1.18,-1.36,-0.4,-0.25,-0.71,-0.65,-1.24,-0.97,-1.45,-1.49,,0.18,-0.25,0.1,0.27,-0.91,0.02,-0.46,-0.12,-0.22,-0.26,-0.71,-0.5,-0.47,-0.51
1992.3,-1.36,-1.12,-0.83,-0.97,-0.82,-1.6,-0.02,-0.53,-0.84,-0.68,-1.55,-0.82,-1.81,-1.79,,-0.03,-0.35,-0.03,0.14,-1.01,-0.17,-0.49,-0.16,-0.32,-0.32,-0.76,-0.61,-0.6,-0.66
1993,-1.46,-1.42,-1.01,-1.05,-0.58,-1.62,0.31,-0.61,-0.9,-0.82,-1.65,-0.56,-2.0,-1.92,,-0.24,-0.47,-0.17,-0.01,-1.11,-0.38,-0.53,-0.19,-0.42,-0.38,-0.81,-0.73,-0.75,-0.81
1993.1,-1.08,-1.55,-1.0,-1.06,-0.58,-1.21,0.53,-0.32,-0.82,-1.17,-1.32,-0.11,-1.85,-1.7,,-0.4,-0.61,-0.31,-0.15,-1.17,-0.54,-0.54,-0.19,-0.5,-0.46,-0.84,-0.79,-0.88,-0.94
1993.2,-0.7,-1.69,-0.98,-1.06,-0.58,-0.8,0.75,-0.03,-0.75,-1.52,-0.99,0.34,-1.69,-1.49,,-0.51,-0.75,-0.44,-0.28,-1.21,-0.65,-0.54,-0.15,-0.57,-0.56,-0.85,-0.81,-1.0,-1.05
1993.3,-0.32,-1.83,-0.97,-1.07,-0.58,-0.39,0.97,0.26,-0.67,-1.86,-0.66,0.79,-1.54,-1.27,,-0.55,-0.9,-0.56,-0.41,-1.21,-0.71,-0.52,-0.09,-0.62,-0.67,-0.85,-0.79,-1.09,-1.13
1994,-0.12,-1.87,-0.82,-1.06,-0.58,-0.25,1.01,0.34,-0.79,-2.05,-0.43,0.91,-1.42,-1.14,,-0.56,-1.04,-0.65,-0.52,-1.19,-0.74,-0.48,-0.02,-0.67,-0.79,-0.84,-0.74,-1.17,-1.19
1994.1,-0.29,-1.69,-0.39,-1.04,-0.57,-0.62,0.69,-0.01,-1.32,-1.9,-0.42,0.36,-1.35,-1.17,,-0.57,-1.14,-0.7,-0.63,-1.16,-0.79,-0.43,0.02,-0.73,-0.89,-0.83,-0.69,-1.24,-1.25
1994.2,-0.47,-1.51,0.03,-1.02,-0.57,-0.99,0.37,-0.35,-1.84,-1.76,-0.41,-0.19,-1.28,-1.2,,-0.58,-1.2,-0.69,-0.71,-1.12,-0.86,-0.38,0.03,-0.8,-0.98,-0.84,-0.66,-1.29,-1.29
1994.3,-0.64,-1.33,0.45,-1.0,-0.56,-1.37,0.05,-0.7,-2.36,-1.61,-0.39,-0.74,-1.22,-1.24,,-0.59,-1.23,-0.64,-0.79,-1.08,-0.95,-0.31,0.01,-0.89,-1.04,-0.86,-0.63,-1.33,-1.32
1995,-0.67,-0.93,0.55,-0.86,-0.66,-1.5,-0.24,-0.81,-2.51,-1.48,-0.29,-1.09,-1.08,-1.17,,-0.61,-1.21,-0.55,-0.84,-1.04,-1.03,-0.25,-0.02,-0.98,-1.08,-0.86,-0.62,-1.35,-1.34
1995.1,-0.42,-0.1,-0.01,-0.5,-0.98,-1.14,-0.48,-0.45,-1.92,-1.38,-0.01,-1.04,-0.8,-0.91,,-0.6,-1.15,-0.5,-0.86,-1.02,-1.07,-0.21,-0.04,-1.03,-1.12,-0.84,-0.61,-1.35,-1.33
1995.2,-0.18,0.74,-0.57,-0.14,-1.3,-0.78,-0.72,-0.09,-1.33,-1.27,0.27,-0.99,-0.52,-0.64,,-0.59,-1.03,-0.48,-0.84,-1.02,-1.08,-0.19,-0.06,-1.06,-1.15,-0.79,-0.6,-1.31,-1.3
1995.3,0.07,1.57,-1.13,0.22,-1.61,-0.42,-0.95,0.27,-0.75,-1.17,0.56,-0.93,-0.24,-0.38,,-0.56,-0.87,-0.48,-0.8,-1.04,-1.04,-0.2,-0.06,-1.06,-1.17,-0.7,-0.59,-1.25,-1.24
1996,0.26,1.79,-1.46,0.37,-1.79,-0.24,-1.16,0.38,-0.45,-0.89,0.79,-1.02,0.02,-0.16,,-0.52,-0.7,-0.5,-0.73,-1.07,-0.98,-0.22,-0.07,-1.04,-1.17,-0.6,-0.6,-1.16,-1.16
1996.1,0.35,0.77,-1.32,0.08,-1.71,-0.45,-1.31,-0.02,-0.73,-0.28,0.93,-1.39,0.23,-0.03,,-0.48,-0.6,-0.54,-0.69,-1.08,-0.94,-0.24,-0.09,-1.04,-1.15,-0.49,-0.61,-1.08,-1.09
1996.2,0.43,-0.25,-1.18,-0.21,-1.62,-0.65,-1.45,-0.43,-1.02,0.34,1.07,-1.75,0.44,0.1,,-0.44,-0.58,-0.58,-0.66,-1.08,-0.92,-0.26,-0.13,-1.06,-1.1,-0.4,-0.64,-1.01,-1.03
1996.3,0.52,-1.27,-1.05,-0.5,-1.53,-0.85,-1.6,-0.84,-1.3,0.96,1.21,-2.12,0.65,0.23,,-0.4,-0.64,-0.62,-0.65,-1.06,-0.91,-0.28,-0.19,-1.1,-1.02,-0.3,-0.68,-0.94,-0.97
1997,0.71,-1.84,-1.05,-0.73,-1.32,-0.99,-1.58,-1.12,-1.48,1.09,1.09,-2.26,0.57,0.13,,-0.35,-0.73,-0.68,-0.66,-1.03,-0.92,-0.3,-0.26,-1.15,-0.94,-0.22,-0.73,-0.87,-0.92
1997.1,1.11,-1.48,-1.33,-0.86,-0.85,-0.99,-1.22,-1.17,-1.44,0.25,0.43,-1.94,-0.09,-0.42,,-0.26,-0.79,-0.73,-0.67,-1.0,-0.91,-0.32,-0.32,-1.2,-0.89,-0.15,-0.77,-0.82,-0.88
1997.2,1.52,-1.13,-1.62,-0.99,-0.39,-1.0,-0.87,-1.21,-1.41,-0.59,-0.22,-1.63,-0.75,-0.97,,-0.14,-0.81,-0.78,-0.67,-0.96,-0.89,-0.34,-0.37,-1.23,-0.89,-0.1,-0.81,-0.79,-0.86
1997.3,1.92,-0.77,-1.9,-1.12,0.08,-1.0,-0.52,-1.25,-1.37,-1.43,-0.87,-1.32,-1.42,-1.52,,0.03,-0.79,-0.84,-0.68,-0.91,-0.86,-0.37,-0.41,-1.26,-0.93,-0.07,-0.83,-0.77,-0.84
1998,2.17,-0.49,-1.99,-1.08,0.24,-0.89,-0.21,-1.13,-1.03,-1.82,-1.31,-0.95,-1.74,-1.75,,0.21,-0.74,-0.89,-0.68,-0.87,-0.83,-0.4,-0.43,-1.26,-0.98,-0.05,-0.85,-0.75,-0.83
1998.1,2.12,-0.34,-1.68,-0.73,-0.2,-0.55,0.01,-0.67,-0.08,-1.31,-1.34,-0.48,-1.38,-1.34,,0.37,-0.68,-0.92,-0.67,-0.85,-0.79,-0.42,-0.45,-1.23,-0.98,-0.05,-0.87,-0.73,-0.82
1998.2,2.08,-0.19,-1.37,-0.38,-0.64,-0.2,0.22,-0.2,0.86,-0.79,-1.37,0.0,-1.02,-0.93,,0.51,-0.61,-0.94,-0.63,-0.86,-0.76,-0.45,-0.46,-1.15,-0.95,-0.07,-0.89,-0.7,-0.79
1998.3,2.03,-0.04,-1.06,-0.03,-1.08,0.14,0.44,0.26,1.81,-0.28,-1.41,0.47,-0.66,-0.52,,0.62,-0.52,-0.95,-0.58,-0.88,-0.74,-0.47,-0.46,-1.02,-0.87,-0.11,-0.9,-0.65,-0.75
1999,1.86,0.11,-0.75,0.37,-1.27,0.59,0.53,0.3,2.36,0.23,-1.3,0.71,-0.28,-0.13,,0.72,-0.42,-0.94,-0.51,-0.92,-0.69,-0.5,-0.46,-0.87,-0.76,-0.15,-0.91,-0.6,-0.7
1999.1,1.45,0.26,-0.44,0.85,-0.98,1.27,0.37,-0.48,2.12,0.71,-0.91,0.46,0.16,0.23,,0.81,-0.32,-0.94,-0.41,-0.94,-0.6,-0.51,-0.49,-0.69,-0.62,-0.17,-0.91,-0.52,-0.63
1999.2,1.04,0.41,-0.14,1.33,-0.68,1.95,0.21,-1.27,1.89,1.19,-0.52,0.22,0.6,0.58,,0.89,-0.23,-0.95,-0.3,-0.94,-0.45,-0.52,-0.53,-0.51,-0.48,-0.18,-0.89,-0.43,-0.54
1999.3,0.63,0.56,0.17,1.81,-0.39,2.63,0.06,-2.06,1.66,1.67,-0.14,-0.03,1.03,0.94,,0.95,-0.13,-0.97,-0.16,-0.93,-0.25,-0.52,-0.6,-0.31,-0.31,-0.17,-0.85,-0.31,-0.43
2000,0.47,0.57,0.4,1.85,-0.32,2.69,-0.01,-2.43,1.77,1.98,0.19,-0.22,1.37,1.21,,1.01,-0.06,-0.97,-0.02,-0.92,-0.04,-0.51,-0.68,-0.09,-0.14,-0.14,-0.81,-0.19,-0.31
2000.1,0.84,0.29,0.48,0.99,-0.71,1.52,0.13,-1.97,2.56,1.95,0.39,-0.31,1.52,1.33,,1.07,-0.04,-0.95,0.05,-0.9,0.09,-0.48,-0.76,0.13,0.03,-0.12,-0.77,-0.08,-0.2
2000.2,1.2,0.01,0.57,0.14,-1.09,0.35,0.26,-1.52,3.36,1.93,0.59,-0.4,1.66,1.45,,1.14,-0.07,-0.89,0.07,-0.89,0.15,-0.43,-0.83,0.37,0.19,-0.11,-0.74,0.03,-0.1
2000.3,1.57,-0.27,0.65,-0.72,-1.48,-0.82,0.39,-1.06,4.16,1.9,0.79,-0.49,1.81,1.56,,1.21,-0.17,-0.8,0.02,-0.89,0.13,-0.37,-0.89,0.61,0.34,-0.1,-0.72,0.14,0.0
2001,1.71,-0.19,0.57,-1.26,-1.45,-1.45,0.48,-0.77,4.65,1.7,0.82,-0.48,1.75,1.51,,1.29,-0.27,-0.7,-0.06,-0.87,0.07,-0.28,-0.95,0.87,0.47,-0.09,-0.69,0.22,0.08
2001.1,1.4,0.6,0.16,-1.17,-0.61,-0.99,0.5,-0.78,4.52,1.18,0.49,-0.27,1.28,1.12,,1.34,-0.27,-0.63,-0.12,-0.81,0.04,-0.19,-0.99,1.13,0.54,-0.12,-0.64,0.28,0.14
2001.2,1.1,1.38,-0.25,-1.09,0.24,-0.52,0.52,-0.8,4.4,0.65,0.16,-0.06,0.82,0.73,,1.37,-0.19,-0.58,-0.17,-0.72,0.04,-0.09,-1.01,1.4,0.56,-0.16,-0.55,0.29,0.17
2001.3,0.79,2.16,-0.65,-1.01,1.09,-0.06,0.54,-0.82,4.27,0.12,-0.16,0.15,0.35,0.35,,1.39,-0.02,-0.56,-0.19,-0.59,0.08,0.01,-1.01,1.68,0.52,-0.23,-0.44,0.28,0.18
2002,0.77,2.41,-0.81,-0.76,1.38,0.24,0.54,-0.69,3.78,-0.18,-0.09,0.32,0.25,0.29,,1.39,0.19,-0.55,-0.19,-0.46,0.15,0.12,-0.99,1.94,0.45,-0.29,-0.31,0.26,0.19
2002.1,1.32,1.58,-0.48,-0.17,0.58,0.19,0.51,-0.27,2.57,-0.02,0.77,0.42,0.89,0.88,,1.4,0.35,-0.51,-0.16,-0.38,0.21,0.2,-0.94,2.14,0.44,-0.27,-0.19,0.31,0.25
2002.2,1.88,0.76,-0.15,0.41,-0.22,0.15,0.48,0.15,1.35,0.13,1.63,0.51,1.52,1.48,,1.42,0.44,-0.43,-0.09,-0.38,0.26,0.27,-0.87,2.28,0.48,-0.18,-0.09,0.43,0.37
2002.3,2.43,-0.07,0.18,1.0,-1.02,0.11,0.44,0.57,0.14,0.28,2.49,0.61,2.16,2.07,,1.44,0.47,-0.33,0.02,-0.43,0.32,0.32,-0.78,2.36,0.56,-0.01,0.01,0.6,0.55
2003,2.67,-0.63,0.41,1.37,-1.47,0.0,0.35,0.96,-0.75,0.36,2.85,0.64,2.41,2.31,,1.47,0.47,-0.21,0.14,-0.52,0.36,0.35,-0.68,2.37,0.67,0.2,0.09,0.81,0.76
2003.1,2.3,-0.68,0.44,1.31,-1.23,-0.23,0.13,1.3,-0.97,0.28,2.19,0.54,1.9,1.83,,1.48,0.45,-0.1,0.24,-0.57,0.38,0.35,-0.58,2.33,0.75,0.37,0.14,0.98,0.91
2003.2,1.93,-0.72,0.47,1.25,-0.98,-0.46,-0.09,1.64,-1.2,0.21,1.53,0.44,1.4,1.35,,1.47,0.42,-0.01,0.32,-0.58,0.37,0.34,-0.49,2.22,0.8,0.52,0.16,1.1,1.03
2003.3,1.56,-0.76,0.5,1.18,-0.74,-0.69,-0.3,1.97,-1.42,0.13,0.88,0.34,0.89,0.87,,1.45,0.39,0.07,0.38,-0.57,0.32,0.3,-0.4,2.06,0.82,0.63,0.16,1.17,1.1
2004,1.33,-0.72,0.34,1.0,-0.52,-0.79,-0.44,1.93,-1.46,-0.07,0.45,0.19,0.47,0.46,,1.42,0.35,0.12,0.42,-0.53,0.26,0.25,-0.32,1.87,0.8,0.72,0.13,1.21,1.13
2004.1,1.38,-0.51,-0.19,0.57,-0.36,-0.61,-0.4,1.11,-1.12,-0.52,0.49,-0.08,0.23,0.2,,1.42,0.31,0.13,0.4,-0.5,0.16,0.22,-0.24,1.71,0.74,0.79,0.1,1.22,1.13
2004.2,1.42,-0.3,-0.72,0.14,-0.19,-0.44,-0.37,0.29,-0.78,-0.97,0.52,-0.34,0.0,-0.06,,1.44,0.27,0.1,0.34,-0.47,0.04,0.19,-0.16,1.57,0.64,0.84,0.07,1.19,1.09
2004.3,1.47,-0.09,-1.25,-0.28,-0.02,-0.27,-0.33,-0.52,-0.44,-1.41,0.56,-0.61,-0.24,-0.32,,1.48,0.24,0.03,0.24,-0.46,-0.1,0.17,-0.09,1.47,0.48,0.88,0.05,1.12,1.03
2005,1.55,0.04,-1.46,-0.6,0.12,-0.16,-0.35,-0.93,0.03,-1.63,0.43,-0.75,-0.4,-0.49,,1.53,0.22,-0.06,0.12,-0.43,-0.25,0.15,-0.01,1.38,0.3,0.89,0.02,1.03,0.95
2005.1,1.71,0.01,-1.04,-0.69,0.22,-0.19,-0.45,-0.5,0.74,-1.37,-0.03,-0.65,-0.42,-0.49,,1.58,0.2,-0.14,0.03,-0.39,-0.33,0.12,0.06,1.29,0.13,0.87,0.0,0.94,0.85
2005.2,1.87,-0.01,-0.61,-0.78,0.32,-0.21,-0.55,-0.07,1.45,-1.11,-0.48,-0.55,-0.44,-0.5,,1.61,0.2,-0.19,-0.01,-0.32,-0.36,0.08,0.13,1.2,-0.02,0.81,-0.01,0.83,0.76
2005.3,2.04,-0.04,-0.19,-0.87,0.41,-0.24,-0.65,0.36,2.16,-0.85,-0.93,-0.45,-0.46,-0.5,,1.63,0.21,-0.24,-0.02,-0.22,-0.33,0.03,0.21,1.1,-0.15,0.73,0.0,0.72,0.65
2006,2.09,-0.07,0.11,-0.92,0.39,-0.34,-0.64,0.58,2.38,-0.45,-1.02,-0.38,-0.3,-0.34,,1.65,0.22,-0.26,-0.01,-0.13,-0.27,-0.03,0.27,0.98,-0.26,0.64,0.0,0.62,0.56
2006.1,1.93,-0.11,0.18,-0.89,0.11,-0.59,-0.42,0.39,1.63,0.22,-0.37,-0.37,0.22,0.14,,1.68,0.18,-0.26,0.01,-0.09,-0.25,-0.07,0.33,0.84,-0.31,0.59,0.0,0.56,0.51
2006.2,1.76,-0.15,0.24,-0.87,-0.17,-0.84,-0.19,0.2,0.89,0.89,0.28,-0.36,0.75,0.62,,1.71,0.11,-0.23,0.02,-0.11,-0.27,-0.11,0.38,0.66,-0.3,0.6,-0.02,0.56,0.51
2006.3,1.6,-0.19,0.3,-0.84,-0.45,-1.09,0.04,0.02,0.14,1.56,0.93,-0.34,1.27,1.1,,1.75,-0.01,-0.19,0.03,-0.19,-0.32,-0.13,0.42,0.46,-0.23,0.65,-0.04,0.61,0.54
2007,1.88,-0.23,0.24,-0.69,-0.64,-1.19,0.12,-0.25,-0.19,1.79,1.3,-0.43,1.58,1.36,,1.81,-0.14,-0.13,0.03,-0.29,-0.39,-0.15,0.45,0.26,-0.13,0.72,-0.08,0.67,0.6
2007.1,3.02,-0.27,-0.06,-0.29,-0.64,-0.97,-0.07,-0.67,0.33,1.11,1.1,-0.71,1.46,1.21,,1.89,-0.24,-0.11,0.03,-0.35,-0.45,-0.18,0.43,0.15,-0.07,0.74,-0.14,0.7,0.61
2007.2,4.16,-0.31,-0.37,0.11,-0.65,-0.76,-0.26,-1.09,0.85,0.43,0.9,-0.99,1.34,1.05,,2.01,-0.29,-0.12,0.01,-0.38,-0.5,-0.22,0.36,0.12,-0.06,0.7,-0.21,0.69,0.59
2007.3,5.31,-0.35,-0.68,0.5,-0.65,-0.54,-0.45,-1.5,1.37,-0.25,0.71,-1.27,1.22,0.89,,2.15,-0.3,-0.17,-0.01,-0.36,-0.53,-0.27,0.26,0.18,-0.08,0.61,-0.31,0.64,0.53
2008,5.42,-0.37,-0.81,0.6,-0.7,-0.51,-0.48,-1.72,1.54,-0.64,0.62,-1.38,1.06,0.73,,2.29,-0.29,-0.23,-0.05,-0.32,-0.56,-0.31,0.13,0.3,-0.13,0.5,-0.41,0.58,0.45
2008.1,3.49,-0.38,-0.58,0.1,-0.83,-0.84,-0.21,-1.55,1.02,-0.43,0.74,-1.18,0.83,0.55,,2.35,-0.28,-0.28,-0.11,-0.3,-0.59,-0.32,-0.01,0.4,-0.17,0.43,-0.49,0.52,0.39
2008.2,1.55,-0.38,-0.35,-0.4,-0.97,-1.17,0.07,-1.37,0.51,-0.23,0.86,-0.98,0.6,0.38,,2.33,-0.26,-0.32,-0.19,-0.3,-0.62,-0.32,-0.16,0.48,-0.19,0.4,-0.56,0.48,0.34
2008.3,-0.38,-0.38,-0.12,-0.9,-1.1,-1.51,0.35,-1.19,-0.01,-0.02,0.99,-0.77,0.37,0.21,,2.23,-0.24,-0.35,-0.3,-0.32,-0.66,-0.28,-0.32,0.55,-0.2,0.4,-0.62,0.46,0.31
2009,-1.6,-0.39,-0.04,-1.14,-1.11,-1.57,0.52,-0.93,-0.4,0.14,0.98,-0.53,0.18,0.07,,2.08,-0.22,-0.37,-0.41,-0.35,-0.7,-0.24,-0.47,0.61,-0.19,0.43,-0.66,0.44,0.29
2009.1,-1.39,-0.4,-0.27,-0.86,-0.86,-1.1,0.46,-0.51,-0.52,0.2,0.71,-0.23,0.05,0.0,,1.95,-0.22,-0.37,-0.48,-0.37,-0.73,-0.19,-0.55,0.64,-0.15,0.44,-0.66,0.43,0.28
2009.2,-1.17,-0.42,-0.5,-0.57,-0.62,-0.62,0.4,-0.1,-0.65,0.27,0.45,0.07,-0.08,-0.07,,1.82,-0.22,-0.36,-0.51,-0.39,-0.74,-0.15,-0.57,0.64,-0.09,0.44,-0.64,0.43,0.28
2009.3,-0.96,-0.43,-0.73,-0.29,-0.38,-0.15,0.34,0.32,-0.77,0.34,0.18,0.37,-0.21,-0.13,,1.69,-0.24,-0.34,-0.51,-0.41,-0.73,-0.12,-0.52,0.62,0.0,0.42,-0.6,0.43,0.29
2010,-0.61,-0.35,-0.87,-0.07,-0.01,0.37,0.36,0.63,-0.72,0.23,0.01,0.71,-0.29,-0.14,,1.59,-0.26,-0.31,-0.49,-0.42,-0.7,-0.08,-0.45,0.59,0.09,0.4,-0.52,0.44,0.31
2010.1,0.0,-0.08,-0.83,0.02,0.59,0.97,0.54,0.75,-0.33,-0.21,0.04,1.14,-0.25,-0.03,,1.5,-0.27,-0.3,-0.45,-0.4,-0.64,-0.03,-0.38,0.53,0.15,0.4,-0.43,0.44,0.33
2010.2,0.61,0.19,-0.79,0.12,1.19,1.57,0.72,0.86,0.06,-0.66,0.06,1.58,-0.21,0.08,,1.44,-0.26,-0.31,-0.41,-0.35,-0.56,0.03,-0.34,0.46,0.17,0.43,-0.33,0.46,0.36
2010.3,1.23,0.46,-0.75,0.21,1.79,2.18,0.9,0.97,0.46,-1.1,0.09,2.01,-0.17,0.19,,1.4,-0.23,-0.34,-0.35,-0.29,-0.44,0.11,-0.31,0.38,0.16,0.48,-0.2,0.47,0.39
2011,1.53,0.5,-0.66,0.15,1.83,2.25,0.88,0.96,0.61,-0.99,0.04,2.02,-0.09,0.27,,1.37,-0.2,-0.37,-0.3,-0.21,-0.31,0.18,-0.29,0.29,0.13,0.53,-0.08,0.48,0.42
2011.1,1.21,0.09,-0.45,-0.23,0.76,1.27,0.49,0.7,0.29,0.22,-0.15,1.18,0.08,0.27,,1.33,-0.19,-0.41,-0.27,-0.18,-0.21,0.23,-0.27,0.22,0.13,0.54,0.0,0.47,0.43
2011.2,0.9,-0.32,-0.24,-0.6,-0.32,0.3,0.09,0.44,-0.04,1.44,-0.34,0.35,0.24,0.28,,1.29,-0.2,-0.43,-0.25,-0.19,-0.16,0.24,-0.26,0.18,0.16,0.51,0.03,0.45,0.41
2011.3,0.58,-0.74,-0.03,-0.97,-1.39,-0.68,-0.31,0.18,-0.36,2.65,-0.54,-0.49,0.41,0.29,,1.24,-0.23,-0.45,-0.26,-0.24,-0.13,0.22,-0.25,0.15,0.21,0.44,0.02,0.4,0.37
2012,0.4,-0.93,0.23,-1.14,-2.0,-1.3,-0.54,0.03,-0.47,3.23,-0.58,-0.99,0.55,0.33,,1.17,-0.26,-0.45,-0.28,-0.3,-0.14,0.19,-0.24,0.14,0.28,0.34,0.0,0.35,0.32
2012.1,0.5,-0.69,0.59,-0.91,-1.66,-1.22,-0.42,0.1,-0.14,2.51,-0.32,-0.81,0.64,0.45,,1.04,-0.28,-0.41,-0.31,-0.35,-0.15,0.17,-0.2,0.12,0.36,0.27,-0.01,0.31,0.28
2012.2,0.59,-0.44,0.95,-0.68,-1.33,-1.13,-0.3,0.16,0.19,1.8,-0.06,-0.63,0.73,0.56,,0.86,-0.29,-0.35,-0.35,-0.39,-0.17,0.17,-0.14,0.08,0.42,0.22,0.01,0.28,0.26
2012.3,0.69,-0.2,1.31,-0.45,-0.99,-1.04,-0.18,0.23,0.52,1.09,0.2,-0.45,0.83,0.68,,0.63,-0.28,-0.25,-0.4,-0.41,-0.2,0.18,-0.05,0.04,0.49,0.2,0.05,0.26,0.25
2013,0.55,-0.11,1.3,-0.36,-0.66,-1.0,-0.16,0.14,0.56,0.47,0.32,-0.44,0.7,0.56,,0.39,-0.27,-0.14,-0.45,-0.4,-0.22,0.2,0.04,-0.01,0.55,0.18,0.1,0.25,0.24
2013.1,-0.06,-0.33,0.55,-0.56,-0.35,-1.06,-0.34,-0.28,0.04,0.03,0.15,-0.79,0.12,-0.03,,0.21,-0.27,-0.09,-0.48,-0.38,-0.23,0.19,0.1,-0.06,0.57,0.15,0.12,0.21,0.21
2013.2,-0.66,-0.56,-0.19,-0.75,-0.04,-1.13,-0.53,-0.7,-0.48,-0.41,-0.01,-1.13,-0.46,-0.61,,0.1,-0.28,-0.08,-0.5,-0.33,-0.23,0.16,0.14,-0.11,0.56,0.11,0.11,0.16,0.16
2013.3,-1.27,-0.78,-0.94,-0.95,0.28,-1.19,-0.71,-1.12,-1.0,-0.85,-0.18,-1.48,-1.03,-1.2,,0.05,-0.3,-0.12,-0.5,-0.26,-0.21,0.11,0.14,-0.16,0.52,0.05,0.07,0.09,0.09
2014,-1.37,-0.97,-1.48,-1.14,0.34,-1.34,-0.87,-1.38,-1.33,-1.16,-0.26,-1.77,-1.38,-1.56,,0.06,-0.32,-0.19,-0.5,-0.19,-0.2,0.04,0.12,-0.2,0.46,-0.01,0.01,0.01,0.01
2014.1,-0.44,-1.08,-1.6,-1.31,-0.08,-1.67,-0.97,-1.31,-1.28,-1.2,-0.19,-1.96,-1.26,-1.48,,0.11,-0.36,-0.26,-0.53,-0.15,-0.23,-0.03,0.08,-0.24,0.38,-0.06,-0.08,-0.06,-0.06
2014.2,0.49,-1.2,-1.71,-1.49,-0.51,-1.99,-1.08,-1.24,-1.22,-1.25,-0.12,-2.16,-1.14,-1.41,,0.2,-0.4,-0.32,-0.57,-0.15,-0.3,-0.1,0.02,-0.27,0.31,-0.08,-0.19,-0.11,-0.13
2014.3,1.41,-1.32,-1.83,-1.67,-0.94,-2.32,-1.18,-1.18,-1.17,-1.29,-0.05,-2.35,-1.01,-1.33,,0.31,-0.44,-0.37,-0.64,-0.18,-0.41,-0.18,-0.05,-0.29,0.23,-0.1,-0.32,-0.15,-0.19
2015,1.82,-1.28,-1.8,-1.66,-1.23,-2.46,-1.27,-1.04,-1.11,-1.38,-0.25,-2.42,-1.09,-1.41,,0.44,-0.49,-0.42,-0.72,-0.24,-0.55,-0.26,-0.14,-0.31,0.15,-0.11,-0.48,-0.19,-0.26
2015.1,1.21,-0.94,-1.49,-1.29,-1.24,-2.21,-1.32,-0.75,-1.02,-1.56,-0.99,-2.26,-1.55,-1.8,,0.5,-0.53,-0.45,-0.79,-0.33,-0.71,-0.35,-0.21,-0.34,0.08,-0.16,-0.65,-0.25,-0.34
2015.2,0.59,-0.6,-1.17,-0.92,-1.25,-1.96,-1.37,-0.47,-0.94,-1.74,-1.72,-2.1,-2.01,-2.19,,0.49,-0.57,-0.47,-0.84,-0.45,-0.89,-0.46,-0.28,-0.39,0.03,-0.25,-0.83,-0.34,-0.46
2015.3,-0.03,-0.26,-0.85,-0.55,-1.27,-1.71,-1.42,-0.18,-0.86,-1.92,-2.46,-1.94,-2.47,-2.59,,0.43,-0.61,-0.48,-0.88,-0.6,-1.08,-0.57,-0.34,-0.46,-0.01,-0.38,-1.03,-0.46,-0.6
2016,-0.28,-0.1,-0.6,-0.4,-1.05,-1.52,-1.39,-0.16,-0.32,-1.95,-2.67,-1.83,-2.52,-2.61,,0.34,-0.64,-0.47,-0.9,-0.75,-1.27,-0.69,-0.39,-0.51,-0.06,-0.51,-1.22,-0.58,-0.74
2016.1,0.19,-0.3,-0.49,-0.69,-0.36,-1.43,-1.23,-0.64,1.12,-1.7,-1.84,-1.83,-1.73,-1.89,,0.29,-0.66,-0.47,-0.93,-0.8,-1.4,-0.77,-0.46,-0.47,-0.16,-0.6,-1.37,-0.67,-0.85
2016.2,0.67,-0.5,-0.38,-0.97,0.32,-1.33,-1.06,-1.13,2.56,-1.45,-1.02,-1.83,-0.94,-1.17,,0.28,-0.67,-0.48,-0.94,-0.77,-1.48,-0.83,-0.54,-0.34,-0.3,-0.63,-1.48,-0.73,-0.92
2016.3,1.15,-0.7,-0.27,-1.26,1.01,-1.24,-0.89,-1.62,4.0,-1.2,-0.19,-1.83,-0.15,-0.45,,0.31,-0.66,-0.49,-0.96,-0.65,-1.51,-0.86,-0.63,-0.12,-0.5,-0.61,-1.55,-0.76,-0.96
2017,1.38,-0.67,-0.14,-1.38,1.45,-1.13,-0.71,-1.56,4.53,-1.01,0.3,-1.58,0.31,0.01,,0.36,-0.65,-0.51,-0.97,-0.48,-1.5,-0.87,-0.71,0.13,-0.71,-0.57,-1.58,-0.77,-0.97
2017.1,1.1,-0.2,0.05,-1.17,1.4,-0.98,-0.49,-0.4,3.21,-0.94,0.13,-0.84,0.13,-0.02,,0.39,-0.63,-0.54,-0.98,-0.33,-1.49,-0.87,-0.73,0.3,-0.88,-0.55,-1.58,-0.8,-1.0
2017.2,0.83,0.28,0.24,-0.97,1.35,-0.83,-0.28,0.76,1.89,-0.87,-0.04,-0.09,-0.05,-0.06,,0.4,-0.59,-0.57,-1.0,-0.19,-1.48,-0.87,-0.7,0.38,-1.01,-0.54,-1.55,-0.83,-1.03
2017.3,0.55,0.75,0.42,-0.76,1.3,-0.68,-0.06,1.92,0.57,-0.8,-0.21,0.65,-0.23,-0.09,,0.39,-0.54,-0.62,-1.01,-0.08,-1.46,-0.87,-0.62,0.39,-1.11,-0.56,-1.5,-0.89,-1.07
2018,0.17,0.82,0.67,-0.69,1.12,-0.55,0.08,2.68,-0.46,-0.63,-0.08,1.13,-0.2,0.01,,0.37,-0.5,-0.65,-1.03,0.01,-1.44,-0.85,-0.49,0.34,-1.16,-0.58,-1.42,-0.93,-1.09
2018.1,-0.43,0.07,1.03,-0.91,0.7,-0.47,0.06,2.63,-0.88,-0.27,0.63,1.08,0.22,0.4,,0.35,-0.48,-0.63,-1.05,0.06,-1.41,-0.83,-0.34,0.29,-1.18,-0.56,-1.33,-0.93,-1.07
2018.2,-1.02,-0.68,1.39,-1.12,0.28,-0.39,0.04,2.58,-1.3,0.09,1.34,1.03,0.65,0.78,,0.34,-0.48,-0.55,-1.07,0.08,-1.37,-0.81,-0.18,0.25,-1.15,-0.49,-1.22,-0.87,-1.0
2018.3,-1.62,-1.43,1.75,-1.33,-0.14,-0.31,0.02,2.53,-1.72,0.45,2.06,0.97,1.08,1.17,,0.32,-0.52,-0.41,-1.08,0.06,-1.33,-0.77,0.0,0.21,-1.09,-0.38,-1.1,-0.77,-0.88
2019,-1.94,-1.95,1.71,-1.5,-0.58,-0.38,0.18,2.23,-1.76,0.44,2.31,0.92,1.12,1.2,,0.29,-0.56,-0.25,-1.1,0.01,-1.28,-0.72,0.18,0.19,-1.01,-0.25,-0.96,-0.64,-0.75
2019.1,-1.71,-2.04,0.86,-1.58,-1.06,-0.74,0.7,1.45,-1.04,-0.31,1.63,0.85,0.4,0.53,,0.23,-0.61,-0.13,-1.12,-0.04,-1.23,-0.63,0.32,0.2,-0.96,-0.16,-0.82,-0.56,-0.65
2019.2,-1.48,-2.12,0.01,-1.66,-1.54,-1.1,1.21,0.66,-0.31,-1.06,0.96,0.79,-0.33,-0.15,,0.13,-0.66,-0.05,-1.12,-0.09,-1.19,-0.52,0.42,0.25,-0.95,-0.11,-0.67,-0.52,-0.58
2019.3,-1.24,-2.21,-0.85,-1.73,-2.03,-1.46,1.73,-0.12,0.42,-1.81,0.28,0.73,-1.06,-0.82,,0.0,-0.7,0.0,-1.13,-0.14,-1.14,-0.37,0.47,0.33,-0.98,-0.09,-0.52,-0.52,-0.56
2020,-1.18,-2.06,-1.25,-1.65,-1.98,-1.17,2.12,-0.67,0.68,-2.11,-0.03,0.93,-1.37,-1.07,,-0.15,-0.74,0.03,-1.13,-0.18,-1.08,-0.2,0.49,0.42,-1.02,-0.08,-0.35,-0.53,-0.54
2020.1,-1.43,-1.46,-0.74,-1.26,-0.88,0.44,2.26,-0.75,0.0,-1.49,0.38,1.65,-0.85,-0.47,,-0.29,-0.77,0.07,-1.13,-0.16,-0.95,-0.03,0.49,0.47,-1.01,-0.01,-0.16,-0.5,-0.47
2020.2,-1.68,-0.85,-0.24,-0.87,0.21,2.04,2.4,-0.83,-0.67,-0.87,0.79,2.37,-0.33,0.13,,-0.4,-0.78,0.12,-1.12,-0.09,-0.75,0.16,0.47,0.48,-0.97,0.11,0.07,-0.41,-0.36
2020.3,-1.94,-0.24,0.26,-0.47,1.31,3.64,2.54,-0.9,-1.34,-0.25,1.21,3.09,0.19,0.73,,-0.49,-0.78,0.17,-1.12,0.04,-0.48,0.36,0.43,0.46,-0.89,0.3,0.32,-0.28,-0.19
2021,-2.0,0.16,0.59,-0.3,1.97,4.48,2.92,-0.71,-1.77,0.11,1.43,3.57,0.5,1.12,,-0.58,-0.77,0.23,-1.11,0.19,-0.18,0.58,0.41,0.39,-0.78,0.5,0.59,-0.13,-0.01
2021.1,-1.68,0.16,0.55,-0.55,1.75,3.77,3.81,0.03,-1.7,-0.02,1.29,3.56,0.39,1.1,,-0.67,-0.74,0.28,-1.11,0.3,0.08,0.83,0.44,0.24,-0.7,0.66,0.86,-0.02,0.14
2021.2,-1.35,0.16,0.51,-0.81,1.53,3.06,4.69,0.78,-1.63,-0.15,1.14,3.54,0.27,1.09,,-0.78,-0.71,0.33,-1.1,0.36,0.3,1.12,0.53,0.04,-0.64,0.77,1.13,0.04,0.26
2021.3,-1.03,0.16,0.46,-1.06,1.32,2.36,5.57,1.52,-1.56,-0.29,1.0,3.53,0.16,1.07,,-0.88,-0.67,0.36,-1.09,0.37,0.48,1.44,0.69,-0.24,-0.59,0.83,1.39,0.05,0.33
2022,-0.81,0.16,0.44,-1.23,1.17,1.89,6.16,2.01,-1.51,-0.38,0.9,3.52,0.08,1.06,,-0.99,-0.63,0.39,-1.08,0.36,0.63,1.78,0.87,-0.54,-0.56,0.86,1.65,0.04,0.39
2022.1,-0.81,0.16,0.44,-1.23,1.17,1.89,6.16,2.01,-1.51,-0.38,0.9,3.52,0.08,1.06,,-1.09,-0.61,0.41,-1.08,0.35,0.77,2.11,0.99,-0.78,-0.53,0.9,1.87,0.04,0.44
